username,password,firstname,lastname,email
Maria,Maria123(),Maria,Herrera,example@example1.com
Valentin,Valentin123(),Valentin,Alvarez,example@example2.com
Daniel,Daniel123(),Daniel,Guetierrez,example@example3.com
Esmeralda,Esmeralda123(),Esmeralda,Castro,example@example4.com
Dubraska,Dubraska123(),Dubraska,Perez,example@example5.com
Pedro,Pedro123(),Pedro,Castillo,example@example6.com
Flavio,Flavio123(),Flavio,Salazar,example@example7.com
Rebeca,Rebeca123(),Rebeca,Salazar,example@example8.com
Cesar,Cesar123(),Cesar,Salazar,example@example9.com
America,America123(),America,Salazar,example@example10.com
Jose,Jose123(),Jose,Salazar,example@example11.com
Admin,Admin,a,a,a@gamil.com
